Servify Delhi,Okhla Phase 2,SDEL
Servify Mumbai,Navi Mumbai Phase 1,SBOM
Servify Hyderabad,Banjara Hills road,SHYD
Servify Bhubaneshwar,Patia College road,SBBR
GoServ Mumbai,Lokhandwala sector 5,GSMB
GoServ Delhi,Dwarka Sector 2,GSDL
MechCentre Delhi,Nehru Place,MCDL
Servify Patna,Puran Vihar ,SPAT
Servify Kolkata,Koshi Road,SKOL
Servify Chennai,Safai Sandh Road,SCHN
MechCentre Mumbai,Lonavala ,MCMB
Servify Jaipur,Kookas Phase 3,SJPR
Servify Ahmedabad,City Centre road,SAHM
GoServ Hyderabad,Airport Road,GSHY
Servify Chandigarh,Mohali road,SCHN
Servify Panji,Panji City centre road,SPAN
Servify Jharkhand,Ranchi College road,SJHK
MechCentre Lucknow,Hasanganj phase 5,MCLK
Servify Pune,Savitrabai College road,SPUN
